,mean_reliability,failure_rate,mean_production,production_variance,mean_accuracy,mean_load,mean_throughput
Baseline,0.5514222222222223,0.4485777777777778,0.8725848006056633,0.04923951228250867,0.43422124106707893,6.677571080477136,0.3682852134903935
Improved,0.6584777777777778,0.3415222222222222,0.9359733835005439,0.04646367372991522,0.5039532645279556,5.980253043677135,0.4621591074355299
